{"UUID":"i54r2FxB4aguFjmwfXFsEN","layoutMainAxisSizing":null,"layoutCrossAxisSizing":null,"name":"Sample","isVisible":true,"boundaryRectangle":null,"style":null,"prototypeNodeUUID":null,"child":null,"constraints":null,"debug":false,"pngPath":"/usr/src/app/temp-out/pb-tmp-9251c46c-6318-4e09-9dfa-58ed5d95f1a7/test_sample_2/lib/assets/images","pages":[{"UUID":"0:1","layoutMainAxisSizing":null,"layoutCrossAxisSizing":null,"name":"Page 1","isVisible":true,"boundaryRectangle":null,"style":null,"prototypeNodeUUID":null,"child":null,"constraints":null,"convert":true,"screens":[{"UUID":"1:2","layoutMainAxisSizing":null,"layoutCrossAxisSizing":null,"name":"iPhone 11 Pro / X - 1","boundaryRectangle":null,"style":null,"prototypeNodeUUID":null,"child":null,"constraints":null,"convert":true,"imageURI":"https://pbnestcore.blob.core.windows.net/i54r2fxb4agufjmwfxfsen/1:2.png","type":"screen","designNode":{"UUID":"1:2","layoutMainAxisSizing":"INHERIT","layoutCrossAxisSizing":"INHERIT","name":"iPhone 11 Pro / X - 1","isVisible":true,"style":{"UUID":"","layoutMainAxisSizing":null,"layoutCrossAxisSizing":null,"name":"","isVisible":true,"boundaryRectangle":null,"style":null,"prototypeNodeUUID":"","constraints":null,"backgroundColor":{"a":1.0,"r":0.9666666388511658,"g":0.9666666388511658,"b":0.9666666388511658},"fills":[{"color":{"a":1.0,"r":0.9666666388511658,"g":0.9666666388511658,"b":0.9666666388511658},"isEnabled":true}],"borders":[{"isEnabled":false,"fillType":1.0,"color":null,"thickness":1.0}],"borderOptions":{"isEnabled":false,"dashPattern":[],"lineCapStyle":0,"lineJoinStyle":"Miter","cornerRadius":0},"textStyle":null,"hasShadow":false,"type":"style"},"prototypeNodeUUID":null,"child":null,"constraints":null,"backgroundColor":{"a":1.0,"r":0.9666666388511658,"g":0.9666666388511658,"b":0.9666666388511658},"boundaryRectangle":{"constrainProportions":false,"constraints":null,"height":812.0,"width":375.0,"x":-188.0,"y":-407.0,"z":0.0,"type":"boundaryBox"},"isFlowHome":false,"type":"artboard","children":[{"UUID":"1:7","layoutMainAxisSizing":"INHERIT","layoutCrossAxisSizing":"INHERIT","name":"SampleCard","isVisible":true,"boundaryRectangle":{"constrainProportions":false,"constraints":null,"height":294.0,"width":347.0,"x":-174.0,"y":-360.0,"z":0.0,"type":"boundaryBox"},"style":{"UUID":"","layoutMainAxisSizing":null,"layoutCrossAxisSizing":null,"name":"","isVisible":true,"boundaryRectangle":null,"style":null,"prototypeNodeUUID":"","constraints":null,"backgroundColor":null,"fills":[{"color":null,"isEnabled":true}],"borders":[{"isEnabled":false,"fillType":1.0,"color":null,"thickness":1.0}],"borderOptions":{"isEnabled":false,"dashPattern":[],"lineCapStyle":0,"lineJoinStyle":"Miter","cornerRadius":0},"textStyle":null,"hasShadow":false,"type":"style"},"prototypeNodeUUID":null,"constraints":{"pinLeft":true,"pinRight":false,"pinTop":true,"pinBottom":false,"fixedHeight":true,"fixedWidth":true},"children":[{"UUID":"1:4","layoutMainAxisSizing":"INHERIT","layoutCrossAxisSizing":"INHERIT","name":"Rectangle 1","isVisible":true,"boundaryRectangle":{"constrainProportions":false,"constraints":null,"height":231.0,"width":317.0,"x":-159.0,"y":-336.0,"z":0.0,"type":"boundaryBox"},"style":{"UUID":"","layoutMainAxisSizing":null,"layoutCrossAxisSizing":null,"name":"","isVisible":true,"boundaryRectangle":null,"style":null,"prototypeNodeUUID":"","constraints":null,"backgroundColor":null,"fills":[{"color":{"a":1.0,"r":1.0,"g":1.0,"b":1.0},"isEnabled":true}],"borders":[{"isEnabled":false,"fillType":1.0,"color":null,"thickness":1.0}],"borderOptions":{"isEnabled":false,"dashPattern":[],"lineCapStyle":0,"lineJoinStyle":"Miter","cornerRadius":20.0},"textStyle":null,"hasShadow":false,"type":"style"},"prototypeNodeUUID":null,"constraints":{"pinLeft":true,"pinRight":false,"pinTop":true,"pinBottom":false,"fixedHeight":true,"fixedWidth":true},"fixedRadius":20.0,"type":"rectangle","child":null},{"UUID":"1:8","layoutMainAxisSizing":"INHERIT","layoutCrossAxisSizing":"INHERIT","name":"Rectangle 2","isVisible":true,"boundaryRectangle":{"constrainProportions":false,"constraints":null,"height":207.0,"width":293.0,"x":-147.0,"y":-324.0,"z":1.0,"type":"boundaryBox"},"child":null,"constraints":{"pinLeft":true,"pinRight":false,"pinTop":true,"pinBottom":false,"fixedHeight":true,"fixedWidth":true},"style":{"UUID":"","layoutMainAxisSizing":null,"layoutCrossAxisSizing":null,"name":"","isVisible":true,"boundaryRectangle":null,"style":null,"prototypeNodeUUID":"","constraints":null,"backgroundColor":null,"fills":[{"color":null,"isEnabled":true}],"borders":[{"isEnabled":false,"fillType":1.0,"color":null,"thickness":1.0}],"borderOptions":{"isEnabled":false,"dashPattern":[],"lineCapStyle":0,"lineJoinStyle":"Miter","cornerRadius":20.0},"textStyle":null,"hasShadow":false,"type":"style"},"imageReference":"images/1_8.png","prototypeNodeUUID":null,"type":"image"},{"UUID":"1:9","layoutMainAxisSizing":"INHERIT","layoutCrossAxisSizing":"INHERIT","name":"Rectangle 3","isVisible":true,"boundaryRectangle":{"constrainProportions":false,"constraints":null,"height":31.0,"width":84.0,"x":53.0,"y":-159.0,"z":2.0,"type":"boundaryBox"},"child":null,"constraints":{"pinLeft":true,"pinRight":false,"pinTop":true,"pinBottom":false,"fixedHeight":true,"fixedWidth":true},"style":null,"imageReference":"images/1_9.png","prototypeNodeUUID":null,"type":"image"},{"UUID":"1:12","layoutMainAxisSizing":"INHERIT","layoutCrossAxisSizing":"INHERIT","name":"Go","isVisible":true,"boundaryRectangle":{"constrainProportions":false,"constraints":null,"height":11.0,"width":44.0,"x":73.0,"y":-149.0,"z":3.0,"type":"boundaryBox"},"style":{"UUID":"","layoutMainAxisSizing":null,"layoutCrossAxisSizing":null,"name":"","isVisible":true,"boundaryRectangle":null,"style":null,"prototypeNodeUUID":"","constraints":null,"backgroundColor":null,"fills":[{"color":{"a":1.0,"r":1.0,"g":1.0,"b":1.0},"isEnabled":true}],"borders":[{"isEnabled":false,"fillType":1.0,"color":null,"thickness":1.0}],"borderOptions":{"isEnabled":false,"dashPattern":[],"lineCapStyle":0,"lineJoinStyle":"Miter","cornerRadius":0},"textStyle":{"UUID":"","layoutMainAxisSizing":null,"layoutCrossAxisSizing":null,"name":"","isVisible":false,"boundaryRectangle":null,"style":null,"prototypeNodeUUID":"","child":null,"constraints":null,"fontColor":{"a":1.0,"r":1.0,"g":1.0,"b":1.0},"weight":"400","fontDescriptor":{"fontName":"Roboto","fontSize":12.0,"fontWeight":"w400","fontStyle":"normal","letterSpacing":0.0},"paragraphStyle":{"alignment":2},"type":"text_style"},"hasShadow":false,"type":"style"},"prototypeNodeUUID":null,"child":null,"constraints":{"pinLeft":true,"pinRight":false,"pinTop":true,"pinBottom":false,"fixedHeight":true,"fixedWidth":true},"type":"text","content":"Go\n"}],"type":"frame","fixedRadius":null,"background":null,"autoLayoutOptions":null}]},"isVisible":true}],"type":"page"}],"miscPages":[],"sharedStyles":[],"type":"project","azure_container_uri":"https://pbnestcore.blob.core.windows.net/i54r2fxb4agufjmwfxfsen"}